id,first_name,last_name
1,Yancey,Blunsom
2,Duffie,Spelman
3,Arlette,Allain
4,Davis,Fisby
5,Winslow,Beldum
6,Kacey,Musk
7,Walther,Baldazzi
8,Karlotte,Spinella
9,Claire,Cornelius
10,Nevile,McCormick
11,Giff,Getsham
12,Jeanna,Sweedy
13,Allene,Pagnin
14,Grenville,Ziehms
15,Joline,Pilsworth
16,Marni,Mallen
17,Reube,Borg
18,Rees,Bolsteridge
19,Umeko,Rozea
20,Jania,Hun
21,Skip,Villiers
22,Jeniece,Downton
23,Gale,Airlie
24,Estel,Kenna
25,Burg,Enderle
26,Kris,Meller
27,Hardy,Rosenstengel
28,Crissie,Sibbons
29,Olivero,Pudan
30,Rey,Waghorne
31,Willa,Jamison
32,Lynnette,Haggerston
33,Dinah,Drewe
34,Dennis,Murrell
35,Laverne,Howell
36,Brittan,Drance
37,Clifford,Hastelow
38,Lowell,Wabey
39,Waylin,Beaver
40,Milo,Bartoloma
41,Loraine,Moodey
42,Wilone,Bradly
43,Alfons,Sheppard
44,Verge,Rajchert
45,Tony,Nimmo
46,Hollie,Greenland
47,Papageno,Kilroy
48,Foster,Rawlyns
49,Arch,Woodgate
50,Arnuad,Stinton
51,Gerda,Whordley
52,Marcelle,Pettigrew
53,Heath,Rice
54,Guenna,Waddingham
55,Claudell,Willshaw
56,Thedrick,McMurtyr
57,Arlena,Alder
58,Adelaida,Weekly
59,Biddy,Iacovaccio
60,Denny,MacNeely
61,Gilli,Sorrill
62,Terza,Molfino
63,Rafferty,Guyer
64,Saunders,Dunphie
65,Filmer,Guirardin
66,Denny,Roux
67,Guy,Siemandl
68,Pincas,Fourmy
69,Shelagh,Kaasmann
70,Tabbie,Geldard
71,Alfredo,Pennuzzi
72,Vicky,Jacobson
73,Dorolice,Paal
74,Bronson,Beckhouse
75,Gualterio,Teligin
76,Chris,Moulster
77,Alie,O'Drought
78,Scarlett,De Ath
79,Ivonne,Brigg
80,Ellis,Leate
81,Shelia,Spight
82,Marcos,Vassel
83,Tamas,Birdwhistle
84,Maggee,Zelner
85,Troy,Toombs
86,Payton,Gladdis
87,Jaime,Camber
88,Allison,Pear
89,Justinn,Lemoir
90,Devondra,Flaverty
91,Karlee,Bossons
92,Alberik,Standeven
93,Marnie,Breens
94,Justinn,Joskowitz
95,Bonni,Starking
96,Briney,Houson
97,Roxanna,Spadelli
98,Tandie,Caswall
99,Marshal,Joinson
100,Sarge,McGilleghole
101,Janet,Bruff
102,Kata,Tilbury
103,Clarabelle,Geer
104,Sherlocke,Proudler
105,Benetta,Scarsbrook
106,Sandi,Attenborrow
107,Grover,Fulep
108,Elora,Munford
109,Terrell,Wildt
110,Fernando,Hathwood
111,Pippa,Paye
112,Brocky,Ogle
113,Pail,Berkeley
114,Wally,Ibbison
115,Delilah,Risby
116,Brnaba,Ruffle
117,Johnathon,Synnott
118,Janina,Dressel
119,Boony,Gossage
120,Jenifer,Gentreau
121,Lou,Springtorpe
122,Inge,Sayburn
123,Ilysa,Roskruge
124,Tito,Turrill
125,Sharl,Juza
126,Annabella,Espinet
127,Malina,Kinzel
128,Mason,Everill
129,Horton,Elce
130,Dave,Shenton
131,Stace,Sendley
132,Jeanelle,Beards
133,Cornie,Cowdery
134,Tremaine,Chorlton
135,Moe,Brea
136,Moritz,O'Reilly
137,Lexis,Gilmour
138,Lark,Grunder
139,Olivier,Anthoin
140,Fianna,Harland
141,Radcliffe,Howler
142,Patrice,Boustred
143,Art,Shreeves
144,Shayne,Laimable
145,Peta,Hedderly
146,Catina,Trundler
147,Liliane,Borkin
148,Innis,Wimlet
149,Orrin,Ranns
150,Ban,Enser
151,Tiebout,Crabb
152,Zulema,Sheasby
153,Bram,Wavell
154,Mureil,Leveritt
155,Adora,Besset
156,Daron,McRobb
157,Myrna,Penhearow
158,Marcos,Pervew
159,Elsi,Bennetts
160,Mona,Kilrow
161,Gherardo,Worgan
162,Teena,Vedekhin
163,Marybelle,Plaskett
164,Cy,Moyne
165,Reba,Pablos
166,Marcie,Tuplin
167,Isidore,Atack
168,Codie,Heavyside
169,Iolanthe,Fourcade
170,Farris,Douce
171,Osbert,Coulthart
172,Anni,Coote
173,Selie,Ferne
174,Mic,Martinelli
175,Simeon,Marquese
176,Tonya,Ponnsett
177,Noelle,Snawdon
178,Brandie,Leahair
179,Tonnie,Cordy
180,Danie,Burdett
181,Fern,Chatto
182,Bax,Walaron
183,Yorke,Gartan
184,Kathleen,Kynvin
185,Park,Kinkaid
186,Welsh,Cornock
187,Vivyan,Woolveridge
188,Edi,MacDonell
189,Shalna,Brompton
190,Tiphanie,Bartrum
191,Dacia,Linke
192,Berne,Garfield
193,Orlando,Boles
194,Lena,Bedson
195,Ike,Bydaway
196,Carlen,Stockman
197,Eugenio,Yurov
198,Jamesy,Fane
199,Dominick,Gierth
200,Thoma,Iddenden
201,Lynette,Lorkins
202,Vite,Conduit
203,Rouvin,Doward
204,Dud,Asty
205,Dolli,Womack
206,Flora,Banton
207,Stanfield,Stoffersen
208,Lambert,Lennie
209,Donovan,Cockshot
210,Lorraine,Tolomio
211,Fitz,Elam
212,Madelyn,Trainor
213,Tucker,Brace
214,Marlee,Swiers
215,Sara-ann,Davion
216,Gavin,Lownie
217,Cynthie,Roggerone
218,Ginevra,Hearsum
219,Bobbe,Pryce
220,Mariann,Laffin
221,Thorin,Farragher
222,Roze,Lovelady
223,Gan,Weymont
224,Thomasina,Besant
225,Theresina,Lutz
226,Gwen,Garvin
227,Brod,Taggart
228,Kitty,Branchet
229,Joella,Simm
230,Maggie,Malyj
231,Amabel,Hedditch
232,Finley,Spaice
233,Betteann,Mager
234,Margalo,Baike
235,Vonny,Filippone
236,Dermot,Sweedy
237,Aggie,Padbery
238,Johanna,Paulazzi
239,Stephanie,Cleworth
240,Hilda,Dahmke
241,Gardiner,Cadore
242,Brandy,Hillin
243,Winn,Sewley
244,Cloris,MacAskill
245,Dalia,Cotmore
246,Towney,Esler
247,Dacy,Bucher
248,Franzen,Domanski
249,Karena,Arkle
250,Perkin,O'Suaird
251,Eben,Gleeson
252,Horacio,Milesop
253,Jervis,Methringham
254,Boy,Loade
255,Galina,Lumbers
256,Ingunna,Stave
257,Merrel,Abys
258,Hubie,Currom
259,Anallese,Lamperd
260,Reinhard,Harvett
261,Fairfax,Sedgwick
262,Alwin,Houchen
263,Dyan,Dalbey
264,Lizette,Slay
265,Forest,Khan
266,Judi,Gapper
267,Sax,Pooke
268,Erinn,Lownie
269,Aksel,Benneyworth
270,Belvia,Binley
271,Syman,Carles
272,Kylen,Ortelt
273,Graeme,Best
274,Upton,Dymond
275,Nilson,Conochie
276,Odo,Newbegin
277,Mignonne,Betjeman
278,Etti,Wise
279,Lazar,McCreedy
280,Stillman,McDavitt
281,Ludovico,Kohn
282,Gladi,Courtin
283,Devonna,Barnewall
284,Heidie,Guisler
285,Zane,Yoell
286,Glenn,Coventry
287,Eada,Grills
288,Sharron,Handford
289,Tore,Coward
290,Dacy,Biford
291,Bridie,Jelleman
292,Leo,Proudman
293,Nadean,Shapter
294,Caralie,Gemnett
295,Aidan,Christmas
296,Ardelle,Batcheldor
297,Caitlin,Cheel
298,Brittaney,Spurr
299,Tiffani,Vales
300,Rycca,Kenton
301,Galen,Mattecot
302,Hector,Balcers
303,Gusella,Canwell
304,Mindy,Pimblott
305,Emmalynne,Crane
306,Sunny,Rubin
307,Scot,Pollins
308,Odessa,Jacquemet
309,Niko,Uzielli
310,Brenna,Musker
311,Penny,Sturridge
312,Ellette,Balthasar
313,Avivah,Lautie
314,Guglielma,Khomishin
315,Percy,Thunderman
316,Clare,Goody
317,Bobinette,Standen
318,Lurlene,Baal
319,Jen,Pabst
320,Malchy,Merington
321,Dilan,Burras
322,Billi,Kemball
323,Marty,Connar
324,Dwain,Sussams
325,Russ,Idale
326,Bernita,Dowears
327,Finlay,Mark
328,Farrah,Heddy
329,Robert,O'Doogan
330,Raina,Ewer
331,Helsa,Lindgren
332,Ardeen,von Grollmann
333,Xenia,Dabbs
334,Renato,Drayson
335,Kerwinn,Trillo
336,Rex,De la Yglesia
337,Ebeneser,Rookeby
338,Helen-elizabeth,Scranney
339,Katti,Cordaroy
340,Agustin,McRoberts
341,Hill,Jest
342,Ira,Rawling
343,Merv,Cutting
344,Delores,Berardt
345,Bonnee,Pellman
346,Woodrow,Norquay
347,Gav,Gorst
348,Rogers,Lockyear
349,Jonathon,Soughton
350,Herschel,Mortel
351,Clayborne,Piatkow
352,Dylan,Penbarthy
353,Gerard,Oakton
354,Lissa,Eadmeades
355,Maritsa,Mc Andrew
356,Claudine,Clemensen
357,Nelia,Ludgate
358,Isahella,Hammel
359,Marlo,Ibbott
360,Lauren,Pauleit
361,Ric,Girt
362,Andie,Leathley
363,Parnell,Cornbell
364,Lanita,Fisher
365,Riley,Beckles
366,Olav,Harkin
367,Celestine,Edwick
368,Nikita,Menier
369,Lem,Pulham
370,Deanna,Seide
371,Donny,Budge
372,Melony,Hopewell
373,Alica,Runciman
374,Sheffy,Vardie
375,Redford,Bissett
376,Raffaello,Huggill
377,Tulley,Mulloch
378,Mamie,Bugdale
379,Bartholomeo,Dyson
380,Corey,Probets
381,Arlena,Levick
382,Louisette,Eyden
383,Charmain,Byrkmyr
384,Lombard,Roswarn
385,Stanfield,Winfindale
386,Chip,McFadyen
387,Joya,Scalia
388,Whitney,Victory
389,Kelwin,Frake
390,Berri,Togher
391,Umberto,Bodocs
392,Jacquie,Sweetman
393,Link,Skeat
394,Darlleen,Neissen
395,Shamus,Esposito
396,Delila,Lindman
397,Dallas,Pollicatt
398,Fletch,Moehle
399,Armand,Dutton
400,Farly,Malletratt
401,Mathe,Delamar
402,Eunice,Lasselle
403,Grantley,Hubery
404,Ara,McAlinion
405,Killian,Postill
406,Jerry,Hauxby
407,Valina,Brogden
408,Raddy,Pavlenkov
409,Devina,McFadyen
410,Valentia,Bernardinelli
411,Guillermo,Woolfenden
412,Leslie,Deacon
413,Veronika,Rosborough
414,Torrey,Rubinovitch
415,Mikaela,Meade
416,Constantina,Servante
417,Jeffy,Fortnam
418,Waring,Sparrowe
419,Hoyt,Benedick
420,Ronna,Disley
421,Veronique,Favey
422,Hanson,Babon
423,Quintin,Goulborne
424,Waylan,Peartree
425,Rosy,Jewsbury
426,Janka,Boutton
427,Dori,Dionsetto
428,Lana,Tolmie
429,Shelia,Lower
430,Gabie,Gimblett
431,Aldwin,Pyrah
432,Bert,Dufton
433,Alwin,Stidston
434,Vikki,Willison
435,Tyson,Vase
436,Beauregard,Woollons
437,Clark,Sherred
438,Immanuel,Knowlson
439,Avis,Dudding
440,Bucky,Bomfield
441,Baxie,Fassam
442,Holly,Nimmo
443,Millard,Farrington
444,Annette,Dykins
445,Emelyne,Hulke
446,Alistair,Brittan
447,Emelina,Goulter
448,Kellen,Wasselin
449,Tobias,Headley
450,Royce,Masse
451,Tessy,Aspy
452,Paige,Ounsworth
453,Maggee,Lapre
454,Alasteir,Di Napoli
455,Johny,Mulberry
456,Dorris,Danskine
457,Clarisse,Matisse
458,Lesya,Fuzzard
459,Deloria,Sibbe
460,Georgie,Le Clercq
461,Kristos,Dhennin
462,Russ,Hefforde
463,Bron,Parrott
464,Alanna,Yallowley
465,Nerty,Tallboy
466,George,Brazener
467,Morrie,Gun
468,Stephannie,Greenland
469,Zorana,Bassom
470,Marion,Jovanovic
471,Zahara,Livingston
472,Wiley,Ormesher
473,Rudolf,Mewton
474,Gabie,Baszniak
475,Leupold,Battershall
476,Dov,Hort
477,Lezlie,Bartell
478,Beckie,McGougan
479,Jessamyn,Deighton
480,Nertie,Grimwad
481,Homerus,Cockram
482,Orelee,Landa
483,Egan,Gutowski
484,Mindy,Lower
485,Estrellita,Stothert
486,Emmi,Proom
487,Selle,Dyott
488,Andrea,Dempsey
489,Dotty,Shalcras
490,Adrian,Wattinham
491,Sergio,Gowman
492,Annaliese,Ratke
493,Sibby,Nice
494,Gayle,Corro
495,Currie,Lovick
496,Fulvia,Leon
497,Nye,Leon
498,Corry,Spileman
499,Samson,Brereton
500,Ekaterina,Slopier
501,Cornelia,Spellsworth
502,Mathian,Klug
503,Thomasine,Ventum
504,Winston,Beckers
505,Gonzales,Ravelus
506,Hannah,Thirtle
507,Maurie,Crane
508,Allegra,Lightwing
509,Karita,Windybank
510,Thalia,Gove
511,Julietta,Matthiesen
512,Vivia,Waddicor
513,Celestine,Feast
514,Riane,Ludee
515,Haleigh,Finlater
516,Peter,Hasty
517,Garner,Strongman
518,Arlie,Howison
519,Sarah,Mathwen
520,Clarisse,Barchrameev
521,Fran,Hearle
522,Lothaire,Paolotto
523,Annnora,Wisker
524,Fayre,Kilgannon
525,Allard,Cozins
526,Joaquin,Holwell
527,Grace,Brownett
528,Coralyn,Puckey
529,Justinn,Rammell
530,Rick,Tampling
531,Livvy,Eagleton
532,Juliann,McLafferty
533,Waylen,Gammage
534,Montgomery,Serjeant
535,Stacia,Ingyon
536,Gayel,Peppin
537,Walliw,Gergler
538,Leopold,Pimmocke
539,Donetta,Wem
540,Wallis,Larroway
541,Roberto,Gensavage
542,Sarge,Frankowski
543,Abbye,Pepler
544,Caroline,Infantino
545,Cullen,Phillipp
546,Edik,Dilgarno
547,Arvy,Message
548,Monte,Try
549,Aigneis,Richt
550,Mersey,Cheeld
551,Boy,Jayne
552,Evangelia,Banister
553,Vale,McAlees
554,Verina,Nunnery
555,Roanna,Dochon
556,Danit,Coulton
557,Mora,Whall
558,Norton,Fretwell
559,Evangelina,Bowld
560,Ursola,Challoner
561,Cordy,Birtwell
562,Patric,Scoyles
563,Merola,Ireland
564,Franz,Tyt
565,Theodor,Thumann
566,Rand,Paddock
567,Odette,Faas
568,Vicky,MacGillacolm
569,Bendite,Chase
570,Talya,Reinbech
571,Donnie,Bestwerthick
572,Kiley,Maestro
573,Joline,Stichel
574,Jayme,Clines
575,Lorine,Chafer
576,Waylin,Burk
577,Nerti,Worsfield
578,Rosana,Reasce
579,Helenka,Maddison
580,Louie,De Gowe
581,Shae,Ruger
582,Peterus,Griggs
583,Nero,Heindrich
584,Zonda,Goretti
585,Mady,Cosely
586,Andra,Loding
587,Gamaliel,Wanklyn
588,Dennie,Kegley
589,Joseito,Iannelli
590,Thomasin,Kuhnert
591,Isidoro,Avis
592,Delphinia,Crayke
593,Philly,Primett
594,Carmela,O'Hagerty
595,Pembroke,Rumbold
596,Marlow,Lodin
597,Lydon,Shearn
598,Dulcy,Dell
599,Elset,Bartolini
600,Grady,Pennock
601,Rowena,Micka
602,Gale,Mercer
603,Hector,Kull
604,Minne,Tatam
605,Mattie,Longmaid
606,Damien,Stonary
607,Rossie,Esbrook
608,Deny,Gantzer
609,Natalee,Lineham
610,Sidoney,Woods
611,Hatty,Gwillyam
612,Abraham,Delia
613,Allie,Zanetto
614,Jeralee,Duding
615,Conny,Sedgemore
616,Tomkin,Frowen
617,Sabra,Duddin
618,Zackariah,Chartre
619,Cello,Levecque
620,Killy,Ower
621,Bern,Thorrold
622,Beck,Fomichkin
623,Abe,Basso
624,Verina,Reisk
625,Marco,Rableau
626,Giffie,Gietz
627,Yale,Cush
628,Elsinore,Tapley
629,Kim,Stennes
630,Glenna,Dunsford
631,Betty,Rhyme
632,Gregg,Try
633,Ashia,Southwell
634,Eustace,Causby
635,Eberhard,Abercromby
636,Corilla,Hemmingway
637,Natka,Doornbos
638,Philippine,Worge
639,Chelsae,Binion
640,Zarla,Cholmondeley
641,Camile,Cicchillo
642,Heall,Stefi
643,Tyler,Richly
644,Fabio,Mathivat
645,Pietro,Swidenbank
646,Livvy,Dovington
647,Carmelia,Friskey
648,Dallas,Dabner
649,Bruno,Chattaway
650,Gustave,Meriot
651,Trixy,Babe
652,Roxane,Macellar
653,Alphonso,Skala
654,Melanie,Fortune
655,Danette,Treadaway
656,Hervey,Rozalski
657,Forrest,Bute
658,Danna,Ropkins
659,Yoshi,Lampen
660,Hermia,Earles
661,Gail,Vaulkhard
662,Ekaterina,Loxly
663,Kippie,Guterson
664,Carmine,Caddell
665,Dermot,Mutimer
666,Martino,Camilleri
667,Christabel,Bartaloni
668,Ethelind,Barras
669,Edik,Whittuck
670,Orelia,Buxey
671,Fernandina,Ivoshin
672,Murdoch,Schoenleiter
673,Carolyne,Marrow
674,Kellina,Sporle
675,Nancey,McCollum
676,Neilla,Nelhams
677,Pet,Verne
678,Garnet,Theobalds
679,Sibeal,Corston
680,Gusella,Rawlence
681,Curry,Lampet
682,Kassey,Bolte
683,Reynold,Cosgrove
684,Leeland,Scolts
685,Angus,Kohrt
686,Merwyn,Vergine
687,Thea,Worling
688,Broddy,Fetherby
689,Walker,Dureden
690,Tammie,McGeachey
691,Phip,Rainville
692,Leonore,Semrad
693,Kean,Helleker
694,Irvine,McKiddin
695,Elka,Moulder
696,Thalia,Christal
697,Aridatha,Brandoni
698,Phineas,Sainer
699,Alanah,Pettecrew
700,Bendite,Harefoot
701,Ive,Wakley
702,Janis,Gladyer
703,Shandy,Gibbin
704,Taffy,Pennacci
705,Luce,Trelevan
706,Seana,Stadden
707,Diane-marie,Blaksland
708,Trixie,Eard
709,Livvyy,Bonallack
710,Josephine,Zebedee
711,Patsy,Krzyzanowski
712,Demetri,Stammler
713,Annalee,Gillis
714,Elisabeth,Hankins
715,Griz,Hamlyn
716,Layla,Kennon
717,Berry,Anthill
718,Fanni,Pherps
719,Teirtza,Bramham
720,Pail,Agronski
721,Sharyl,Potte
722,Byrann,Lerhinan
723,My,Loadsman
724,Margy,Espinos
725,Ashley,Kerwin
726,Marlie,Wieprecht
727,Myrwyn,Hustings
728,Prisca,Wimms
729,Dolores,Brunker
730,Bernarr,Foulks
731,Alejandro,Nesbit
732,Wren,Abbison
733,Sheri,Suckling
734,Marji,Kemmis
735,Ewen,Rhodes
736,Koren,Mixhel
737,Warde,Scrange
738,Darcey,Alwen
739,Glyn,Tune
740,Osbourn,Abramson
741,Noami,Bonett
742,Sasha,Hattoe
743,Aleen,Waliszek
744,Vincents,Kynnd
745,Marlane,Acreman
746,Sosanna,Rimmington
747,Velvet,Tumielli
748,Konstance,Reddie
749,Amanda,Bafford
750,Leroy,Caldero
751,Thoma,Skala
752,Patton,Akeherst
753,Marget,Seckom
754,Hector,Agirre
755,Gustie,Leavey
756,Orville,McGee
757,Lilli,Bucham
758,Bobinette,Clemence
759,Maryjo,Jedrzaszkiewicz
760,Nolana,Jeffery
761,Shelbi,Tolotti
762,Bernarr,Yearns
763,Paquito,Davidsen
764,Neill,Frankcombe
765,Warner,Snary
766,Wilow,Mityakov
767,Ketty,Snellman
768,Gareth,Asty
769,Matthus,Lukes
770,Abbe,Applewhite
771,Jaquelyn,Manuely
772,Estrellita,Matteuzzi
773,John,Smithies
774,Angel,Itzkov
775,Aubert,Dewey
776,Shaylynn,Elloy
777,Thorpe,Tutsell
778,Dianne,Hasty
779,Aurelea,Jon
780,Athene,Southey
781,Virginie,Arrol
782,Giacopo,MacFadden
783,Natassia,Tomasek
784,Irvine,Alcott
785,Aldin,Barbary
786,Dorie,Kinig
787,Rania,Cuncarr
788,Timmi,Tutchener
789,Dolores,MacGragh
790,Happy,Havelin
791,Hewett,Tooting
792,Antonie,Withrington
793,Mellisent,Karlicek
794,Andra,Mindenhall
795,Smitty,Yakubowicz
796,Haydon,Buist
797,Madeline,Tomasicchio
798,Trueman,Foat
799,Virgina,Keuntje
800,Vern,Dumbreck
801,Kitty,Huyhton
802,Toby,Writtle
803,Stavro,Leamy
804,Thibaut,Colliber
805,Moshe,Bonafacino
806,Bev,Volkes
807,Kerwinn,Bill
808,Smitty,McRobb
809,Juline,Crabbe
810,Ibbie,Oven
811,Rhiamon,Dargie
812,Charley,Bartell
813,Josefa,Fedorchenko
814,Christine,Mapples
815,Wilbur,Swyre
816,Joni,Mityukov
817,Ansell,Clear
818,Cristina,Stubbes
819,Horace,Czajka
820,Nancy,Park
821,Arnold,Albiston
822,Wolfy,Tyres
823,Standford,Scourgie
824,Shayne,Zylbermann
825,Marchall,Dunthorn
826,Gwendolin,Danilchev
827,Letta,Edwicke
828,Lorene,Condict
829,Maximo,Jahnisch
830,Xenos,Evensden
831,Jolie,Della
832,Madelene,Precious
833,Del,Connerly
834,Gabie,Arnowicz
835,Katharyn,McGeorge
836,Nap,Taffs
837,Cybil,Saenz
838,Stewart,Wolfendell
839,Angel,Calf
840,Zilvia,Vispo
841,Rodge,Spofforth
842,Kain,Cuxson
843,Kristina,Bronger
844,Scot,Chat
845,Quinton,Lydon
846,Almire,Cartman
847,Jon,Pariso
848,Hamish,Ledson
849,Flor,Greatrakes
850,Vincent,Brahms
851,Anestassia,Groocock
852,Carleton,Sturch
853,Halimeda,Stenning
854,Robbie,Vigne
855,Konstantin,Thomerson
856,Jewelle,Iacomi
857,Koren,Bowman
858,Colin,Taks
859,Tallie,Wynes
860,Conchita,McKmurrie
861,Thekla,Darley
862,Luise,Agirre
863,Mead,Sperwell
864,Harmonie,Lilleycrop
865,Shaun,Cerie
866,Pennie,Stocky
867,Hoyt,Ivanin
868,Barris,Gallego
869,Jay,Roggieri
870,Adina,Mathelin
871,Yetta,Ponting
872,Wilmette,Lowne
873,Valentine,Rieme
874,Trista,Aveyard
875,Anallise,Wick
876,Terrel,Seviour
877,Maggee,Treeby
878,Bobbette,Olive
879,Quintana,Lang
880,Rosemarie,McKearnen
881,Ferd,Slany
882,Marcus,Ettridge
883,Jude,Beckhouse
884,Gibby,Unwins
885,Ellis,Gamlin
886,Emelen,Schutter
887,Chrystel,Rigney
888,Rockie,Norbury
889,Xymenes,Payle
890,Andreas,Reith
891,Tiebout,Langdale
892,Kliment,Pyne
893,Vivianna,Bearward
894,Brion,Slowcock
895,Kathe,Bampford
896,Zaria,Fleetwood
897,Augie,Nation
898,Randolf,Queree
899,Allen,Randall
900,Imogene,Niland
901,Bunni,Rapsey
902,Dianemarie,Challener
903,Dionisio,Matteoni
904,Benedetto,Bolin
905,Carole,Jacquemot
906,Sheela,Pawley
907,Donielle,Courteney
908,Dacia,Nation
909,Rudy,Reeder
910,Lloyd,Wayte
911,Alessandra,Maraga
912,Quint,Bodiam
913,Belinda,Grasner
914,Pebrook,Capin
915,Beltran,Gammet
916,Marlo,M'Chirrie
917,Kain,Briddle
918,Giovanna,Piff
919,Aleksandr,Portugal
920,Merill,Stennard
921,Claus,Vannini
922,Amitie,Haversum
923,Charla,Wainman
924,Fran,Shalliker
925,Kristel,Bladen
926,Colet,Curedell
927,Jens,Gulk
928,Cassondra,Rickeard
929,Culver,Webling
930,Berkie,Wood
931,Belia,Burmaster
932,Adena,Springle
933,Patrica,Braine
934,Jarrod,Restill
935,Ferrel,Christophle
936,Maisey,Banaszkiewicz
937,Robena,Iscowitz
938,Nadiya,Barhems
939,Birch,Jeffress
940,Donnie,Rubinfajn
941,Wenonah,Conkay
942,Lizzie,Inston
943,Andres,Greenhouse
944,Connie,Tebbit
945,Danyelle,Chimienti
946,Hollyanne,Barthrop
947,Lettie,Rubinlicht
948,Jeanette,Hutchens
949,Brian,Obert
950,Saidee,Ivanishev
951,Maxie,Jelphs
952,Collete,Leversuch
953,Valaree,Neal
954,Bob,Bolden
955,Abbot,Kikke
956,Lorrie,Pavolini
957,Wallie,Venes
958,Maxy,Johnikin
959,Clem,Grundell
960,Marla,Stairmand
961,Mufinella,Giorio
962,Kristine,Stode
963,Garik,Grigorkin
964,Auguste,McGreal
965,Monroe,Shuttell
966,Archie,Brackenridge
967,Briny,Marris
968,Ruben,Rosso
969,Billy,Acome
970,Emery,Baty
971,Shermie,Mighele
972,Joachim,Clash
973,Suzette,Stych
974,Bronny,Leupold
975,Meyer,Dhennin
976,Eveline,McLeary
977,Willow,Knewstub
978,Fitzgerald,Scamadine
979,Margette,Redwood
980,Dirk,Paddison
981,Merola,Rudsdale
982,Rab,Dredge
983,Eustace,Hamel
984,Elliot,Evins
985,Wendi,Sumner
986,Trent,Sabben
987,Elfrida,Abade
988,Arne,Solomon
989,Mae,Masey
990,Che,Dumingo
991,Shir,Snary
992,Willie,Turfin
993,Ardisj,Jales
994,Gus,Grellier
995,Florance,Gaine of England
996,Ginger,Sheron
997,Tobiah,Husk
998,Dory,Orgee
999,Lonnie,Bernaldo
1000,Calvin,Klouz
